{
 "name":"Midnight",
 "version":"1.0",
 "interface":{
			"primary":"#1f4e78" ,
			"primaryAlt":"#20272d" ,
			"primaryAlt2":"#1f4e78" ,
			"primaryAlt3":"#1c2126" ,
			"primaryAlt4":"#ffffff" ,
			"primaryContrast":"#ffffff" ,
			"secondary":"#000000" ,
			"secondaryAlt":"#171717" ,
			"secondaryAlt2":"#7795a5" ,
			"secondaryAlt3":"#f2f2f2" ,
			"secondaryContrast":"#f2f2f2" ,
			"neutralPrimary":"#1c2126" ,
			"neutralPrimaryAlt":"#1f282d" ,
			"neutralPrimaryAlt2":"#000000" ,
			"neutralPrimaryAlt3":"#000000" ,
			"neutralPrimaryContrast":"#ffffff" ,
			"neutralSecondary":"#c9d3d9" ,
			"neutralSecondaryAlt":"#1f282d" ,
			"neutralSecondaryAlt2":"#000000" ,
			"neutralSecondaryAlt3":"#ef66f2" ,
			"neutralSecondaryContrast":"#000000" ,
			"neutralTertiary":"#264e78" ,
			"neutralTertiaryAlt":"#d0cece" ,
			"neutralTertiaryAlt2":"#7795a5" ,
			"neutralTertiaryAlt3":"#264e78" ,
			"neutralTertiaryContrast":"#000000" ,
			"danger":"#bb2124" ,
			"success":"#22bb33" ,
			"warning":"#f0ad4e" ,
			"info":"#5bc0de" ,
			"dangerContrast":"#000000" ,
			"successContrast":"#000000" ,
			"warningContrast":"#000000" ,
			"infoContrast":"#000000" ,
			"kpiGood":"#4fb443" ,
			"kpiBad":"#de061a" ,
			"kpiNeutral":"#d9b42c" ,
			"kpiNone":"#000000" ,
			"kpiGoodContrast":"#f2f2f2" ,
			"kpiBadContrast":"#f2f2f2" ,
			"kpiNeutralContrast":"#f2f2f2" ,
			"kpiNoneContrast":"#f2f2f2" 
 },
 "theme":{
  "dataPoints":[
		"#0072c6" ,
		"#f68c1f" ,
		"#269657" ,
		"#dd5900" ,
		"#5b3573" ,
		"#22bdef" ,
		"#b4009e" ,
		"#008274" ,
		"#fdc336" ,
		"#ea3c00" ,
		"#00188f" ,
		"#9f9f9f" 
  ],

			"good":"#85ba00" ,
			"bad":"#de061a" ,
			"neutral":"#edb327" ,
			"none":"#000000" ,
			"background":"#000000" ,
			"foreground":"#ffffff" ,
			"mapBase":"#00aeef" ,
			"panelBackground":"#d9d9d9" ,
			"panelForeground":"#222222" ,
			"panelAccent":"#00aeef" ,
			"tableAccent":"#00aeef" ,
			"altBackground":"#d0cece" ,
			"altForeground":"#000000" ,
			"altMapBase":"#f68c1f" ,
			"altPanelBackground":"#235378" ,
			"altPanelForeground":"#ffffff" ,
			"altPanelAccent":"#fdc336" ,
			"altTableAccent":"#fdc336" 
 }
}